legacy_id	target_family	replacement	evidence_key	review_route	parity_level	required_standalone_cells	service_contract	shared_systemd_executions	evidence_class	evidence_reference	promotion_ready	missing_acceptance
ubuntu-002	debian	nginx	debian/nginx	implemented-candidate	intent	3	yes	6	none	-	no	G3-repository-resolution+G4-standalone-install+G5-systemd-behavior+row-parity-review+durable-trust-anchor
ubuntu-003	debian	apache	debian/apache	implemented-candidate	intent	3	yes	6	none	-	no	G3-repository-resolution+G4-standalone-install+G5-systemd-behavior+row-parity-review+durable-trust-anchor
ubuntu-004	debian	vlc	debian/vlc	implemented-candidate	intent	3	no	0	accepted	https://github.com/Yunushan/linux-software-installer/actions/runs/29689788889#artifact-digest=fc5ac2ab60ee38fb242f0a6f245db74c98593c8df867305b6d273356c5112718	yes	-
ubuntu-006	debian	ffmpeg	debian/ffmpeg	implemented-candidate	intent	3	no	0	accepted	https://github.com/Yunushan/linux-software-installer/actions/runs/29689788889#artifact-digest=fc5ac2ab60ee38fb242f0a6f245db74c98593c8df867305b6d273356c5112718	yes	-
ubuntu-007	debian	monitoring-tools	debian/monitoring-tools	implemented-candidate	intent	3	no	0	accepted	https://github.com/Yunushan/linux-software-installer/actions/runs/29689788889#artifact-digest=fc5ac2ab60ee38fb242f0a6f245db74c98593c8df867305b6d273356c5112718	yes	-
ubuntu-008	debian	wine	debian/wine	implemented-candidate	intent	3	no	0	accepted	https://github.com/Yunushan/linux-software-installer/actions/runs/29689788889#artifact-digest=fc5ac2ab60ee38fb242f0a6f245db74c98593c8df867305b6d273356c5112718	yes	-
ubuntu-009	debian	qbittorrent	debian/qbittorrent	implemented-candidate	intent	3	no	0	accepted	https://github.com/Yunushan/linux-software-installer/actions/runs/29689788889#artifact-digest=fc5ac2ab60ee38fb242f0a6f245db74c98593c8df867305b6d273356c5112718	yes	-
ubuntu-011	debian	gimp	debian/gimp	implemented-candidate	intent	3	no	0	accepted	https://github.com/Yunushan/linux-software-installer/actions/runs/29689788889#artifact-digest=fc5ac2ab60ee38fb242f0a6f245db74c98593c8df867305b6d273356c5112718	yes	-
ubuntu-012	debian	nmap	debian/nmap	implemented-candidate	intent	3	no	0	accepted	https://github.com/Yunushan/linux-software-installer/actions/runs/29689788889#artifact-digest=fc5ac2ab60ee38fb242f0a6f245db74c98593c8df867305b6d273356c5112718	yes	-
ubuntu-014	debian	steam	debian/steam	implemented-candidate	intent	1	no	0	accepted	https://github.com/Yunushan/linux-software-installer/actions/runs/29689788889#artifact-digest=fc5ac2ab60ee38fb242f0a6f245db74c98593c8df867305b6d273356c5112718	yes	-
ubuntu-015	debian	obs-studio	debian/obs-studio	implemented-candidate	intent	3	no	0	accepted	https://github.com/Yunushan/linux-software-installer/actions/runs/29689788889#artifact-digest=fc5ac2ab60ee38fb242f0a6f245db74c98593c8df867305b6d273356c5112718	yes	-
ubuntu-016	debian	openshot	debian/openshot	implemented-candidate	intent	3	no	0	accepted	https://github.com/Yunushan/linux-software-installer/actions/runs/29689788889#artifact-digest=fc5ac2ab60ee38fb242f0a6f245db74c98593c8df867305b6d273356c5112718	yes	-
ubuntu-020	debian	tor-browser	debian/tor-browser	implemented-candidate	intent	1	no	0	accepted	https://github.com/Yunushan/linux-software-installer/actions/runs/29689788889#artifact-digest=fc5ac2ab60ee38fb242f0a6f245db74c98593c8df867305b6d273356c5112718	yes	-
ubuntu-023	debian	vuze	debian/vuze	implemented-candidate	intent	3	no	0	accepted	https://github.com/Yunushan/linux-software-installer/actions/runs/29689788889#artifact-digest=fc5ac2ab60ee38fb242f0a6f245db74c98593c8df867305b6d273356c5112718	yes	-
ubuntu-024	debian	qbittorrent	debian/qbittorrent	superseded-candidate	intent	3	no	0	accepted	https://github.com/Yunushan/linux-software-installer/actions/runs/29689788889#artifact-digest=fc5ac2ab60ee38fb242f0a6f245db74c98593c8df867305b6d273356c5112718	yes	-
ubuntu-025	debian	deluge	debian/deluge	implemented-candidate	intent	3	no	0	accepted	https://github.com/Yunushan/linux-software-installer/actions/runs/29689788889#artifact-digest=fc5ac2ab60ee38fb242f0a6f245db74c98593c8df867305b6d273356c5112718	yes	-
ubuntu-026	debian	transmission	debian/transmission	implemented-candidate	intent	3	yes	6	none	-	no	G3-repository-resolution+G4-standalone-install+G5-systemd-behavior+row-parity-review+durable-trust-anchor
ubuntu-027	debian	mpv	debian/mpv	implemented-candidate	intent	3	no	0	accepted	https://github.com/Yunushan/linux-software-installer/actions/runs/29689788889#artifact-digest=fc5ac2ab60ee38fb242f0a6f245db74c98593c8df867305b6d273356c5112718	yes	-
ubuntu-028	debian	smplayer	debian/smplayer	implemented-candidate	intent	3	no	0	accepted	https://github.com/Yunushan/linux-software-installer/actions/runs/29689788889#artifact-digest=fc5ac2ab60ee38fb242f0a6f245db74c98593c8df867305b6d273356c5112718	yes	-
ubuntu-029	debian	kazam	debian/kazam	implemented-candidate	intent	3	no	0	accepted	https://github.com/Yunushan/linux-software-installer/actions/runs/29689788889#artifact-digest=fc5ac2ab60ee38fb242f0a6f245db74c98593c8df867305b6d273356c5112718	yes	-
ubuntu-030	debian	audacity	debian/audacity	implemented-candidate	intent	3	no	0	accepted	https://github.com/Yunushan/linux-software-installer/actions/runs/29689788889#artifact-digest=fc5ac2ab60ee38fb242f0a6f245db74c98593c8df867305b6d273356c5112718	yes	-
ubuntu-031	debian	playonlinux	debian/playonlinux	implemented-candidate	intent	1	no	0	accepted	https://github.com/Yunushan/linux-software-installer/actions/runs/29689788889#artifact-digest=fc5ac2ab60ee38fb242f0a6f245db74c98593c8df867305b6d273356c5112718	yes	-
ubuntu-032	debian	conky	debian/conky	implemented-candidate	intent	3	no	0	accepted	https://github.com/Yunushan/linux-software-installer/actions/runs/29689788889#artifact-digest=fc5ac2ab60ee38fb242f0a6f245db74c98593c8df867305b6d273356c5112718	yes	-
ubuntu-033	debian	handbrake	debian/handbrake	implemented-candidate	intent	3	no	0	accepted	https://github.com/Yunushan/linux-software-installer/actions/runs/29689788889#artifact-digest=fc5ac2ab60ee38fb242f0a6f245db74c98593c8df867305b6d273356c5112718	yes	-
ubuntu-034	debian	inkscape	debian/inkscape	implemented-candidate	intent	3	no	0	accepted	https://github.com/Yunushan/linux-software-installer/actions/runs/29689788889#artifact-digest=fc5ac2ab60ee38fb242f0a6f245db74c98593c8df867305b6d273356c5112718	yes	-
ubuntu-038	debian	libreoffice	debian/libreoffice	implemented-candidate	intent	3	no	0	accepted	https://github.com/Yunushan/linux-software-installer/actions/runs/29689788889#artifact-digest=fc5ac2ab60ee38fb242f0a6f245db74c98593c8df867305b6d273356c5112718	yes	-
ubuntu-040	debian	kodi	debian/kodi	implemented-candidate	intent	3	no	0	accepted	https://github.com/Yunushan/linux-software-installer/actions/runs/29689788889#artifact-digest=fc5ac2ab60ee38fb242f0a6f245db74c98593c8df867305b6d273356c5112718	yes	-
ubuntu-043	debian	krita	debian/krita	implemented-candidate	intent	3	no	0	accepted	https://github.com/Yunushan/linux-software-installer/actions/runs/29689788889#artifact-digest=fc5ac2ab60ee38fb242f0a6f245db74c98593c8df867305b6d273356c5112718	yes	-
ubuntu-044	debian	kdenlive	debian/kdenlive	implemented-candidate	intent	3	no	0	accepted	https://github.com/Yunushan/linux-software-installer/actions/runs/29689788889#artifact-digest=fc5ac2ab60ee38fb242f0a6f245db74c98593c8df867305b6d273356c5112718	yes	-
ubuntu-045	debian	qt	debian/qt	implemented-candidate	intent	3	no	0	accepted	https://github.com/Yunushan/linux-software-installer/actions/runs/29689788889#artifact-digest=fc5ac2ab60ee38fb242f0a6f245db74c98593c8df867305b6d273356c5112718	yes	-
ubuntu-047	debian	irssi	debian/irssi	implemented-candidate	intent	3	no	0	accepted	https://github.com/Yunushan/linux-software-installer/actions/runs/29689788889#artifact-digest=fc5ac2ab60ee38fb242f0a6f245db74c98593c8df867305b6d273356c5112718	yes	-
ubuntu-048	debian	clementine	debian/clementine	implemented-candidate	intent	3	no	0	accepted	https://github.com/Yunushan/linux-software-installer/actions/runs/29689788889#artifact-digest=fc5ac2ab60ee38fb242f0a6f245db74c98593c8df867305b6d273356c5112718	yes	-
ubuntu-053	debian	geary	debian/geary	implemented-candidate	intent	3	no	0	accepted	https://github.com/Yunushan/linux-software-installer/actions/runs/29689788889#artifact-digest=fc5ac2ab60ee38fb242f0a6f245db74c98593c8df867305b6d273356c5112718	yes	-
ubuntu-054	debian	uget	debian/uget	implemented-candidate	intent	3	no	0	accepted	https://github.com/Yunushan/linux-software-installer/actions/runs/29689788889#artifact-digest=fc5ac2ab60ee38fb242f0a6f245db74c98593c8df867305b6d273356c5112718	yes	-
ubuntu-055	debian	sayonara	debian/sayonara	implemented-candidate	intent	3	no	0	accepted	https://github.com/Yunushan/linux-software-installer/actions/runs/29689788889#artifact-digest=fc5ac2ab60ee38fb242f0a6f245db74c98593c8df867305b6d273356c5112718	yes	-
ubuntu-060	debian	musicbrainz-picard	debian/musicbrainz-picard	implemented-candidate	intent	3	no	0	accepted	https://github.com/Yunushan/linux-software-installer/actions/runs/29689788889#artifact-digest=fc5ac2ab60ee38fb242f0a6f245db74c98593c8df867305b6d273356c5112718	yes	-
ubuntu-062	debian	timeshift	debian/timeshift	implemented-candidate	intent	3	no	0	accepted	https://github.com/Yunushan/linux-software-installer/actions/runs/29689788889#artifact-digest=fc5ac2ab60ee38fb242f0a6f245db74c98593c8df867305b6d273356c5112718	yes	-
ubuntu-064	debian	stacer	debian/stacer	implemented-candidate	intent	3	no	0	accepted	https://github.com/Yunushan/linux-software-installer/actions/runs/29689788889#artifact-digest=fc5ac2ab60ee38fb242f0a6f245db74c98593c8df867305b6d273356c5112718	yes	-
ubuntu-066	debian	docker	debian/docker	implemented-candidate	intent	3	yes	6	none	-	no	G3-repository-resolution+G4-standalone-install+G5-systemd-behavior+row-parity-review+durable-trust-anchor
ubuntu-067	debian	python	debian/python	implemented-candidate	intent	3	no	0	accepted	https://github.com/Yunushan/linux-software-installer/actions/runs/29689788889#artifact-digest=fc5ac2ab60ee38fb242f0a6f245db74c98593c8df867305b6d273356c5112718	yes	-
ubuntu-068	debian	telegram	debian/telegram	implemented-candidate	intent	1	no	0	accepted	https://github.com/Yunushan/linux-software-installer/actions/runs/29689788889#artifact-digest=fc5ac2ab60ee38fb242f0a6f245db74c98593c8df867305b6d273356c5112718	yes	-
ubuntu-070	debian	shotcut	debian/shotcut	implemented-candidate	intent	3	no	0	accepted	https://github.com/Yunushan/linux-software-installer/actions/runs/29689788889#artifact-digest=fc5ac2ab60ee38fb242f0a6f245db74c98593c8df867305b6d273356c5112718	yes	-
ubuntu-071	debian	okular	debian/okular	implemented-candidate	intent	3	no	0	accepted	https://github.com/Yunushan/linux-software-installer/actions/runs/29689788889#artifact-digest=fc5ac2ab60ee38fb242f0a6f245db74c98593c8df867305b6d273356c5112718	yes	-
ubuntu-072	debian	weechat	debian/weechat	implemented-candidate	intent	3	no	0	accepted	https://github.com/Yunushan/linux-software-installer/actions/runs/29689788889#artifact-digest=fc5ac2ab60ee38fb242f0a6f245db74c98593c8df867305b6d273356c5112718	yes	-
ubuntu-073	debian	quassel	debian/quassel	implemented-candidate	intent	3	no	0	accepted	https://github.com/Yunushan/linux-software-installer/actions/runs/29689788889#artifact-digest=fc5ac2ab60ee38fb242f0a6f245db74c98593c8df867305b6d273356c5112718	yes	-
ubuntu-074	debian	konversation	debian/konversation	implemented-candidate	intent	3	no	0	accepted	https://github.com/Yunushan/linux-software-installer/actions/runs/29689788889#artifact-digest=fc5ac2ab60ee38fb242f0a6f245db74c98593c8df867305b6d273356c5112718	yes	-
ubuntu-080	debian	simplescreenrecorder	debian/simplescreenrecorder	implemented-candidate	intent	3	no	0	accepted	https://github.com/Yunushan/linux-software-installer/actions/runs/29689788889#artifact-digest=fc5ac2ab60ee38fb242f0a6f245db74c98593c8df867305b6d273356c5112718	yes	-
ubuntu-082	debian	shutter	debian/shutter	implemented-candidate	intent	3	no	0	accepted	https://github.com/Yunushan/linux-software-installer/actions/runs/29689788889#artifact-digest=fc5ac2ab60ee38fb242f0a6f245db74c98593c8df867305b6d273356c5112718	yes	-
ubuntu-084	debian	plank	debian/plank	implemented-candidate	intent	3	no	0	accepted	https://github.com/Yunushan/linux-software-installer/actions/runs/29689788889#artifact-digest=fc5ac2ab60ee38fb242f0a6f245db74c98593c8df867305b6d273356c5112718	yes	-
ubuntu-085	debian	thonny	debian/thonny	implemented-candidate	intent	3	no	0	accepted	https://github.com/Yunushan/linux-software-installer/actions/runs/29689788889#artifact-digest=fc5ac2ab60ee38fb242f0a6f245db74c98593c8df867305b6d273356c5112718	yes	-
ubuntu-086	debian	bluefish	debian/bluefish	implemented-candidate	intent	3	no	0	accepted	https://github.com/Yunushan/linux-software-installer/actions/runs/29689788889#artifact-digest=fc5ac2ab60ee38fb242f0a6f245db74c98593c8df867305b6d273356c5112718	yes	-
ubuntu-087	debian	vim	debian/vim	implemented-candidate	intent	3	no	0	accepted	https://github.com/Yunushan/linux-software-installer/actions/runs/29689788889#artifact-digest=fc5ac2ab60ee38fb242f0a6f245db74c98593c8df867305b6d273356c5112718	yes	-
ubuntu-088	debian	geany	debian/geany	implemented-candidate	intent	3	no	0	accepted	https://github.com/Yunushan/linux-software-installer/actions/runs/29689788889#artifact-digest=fc5ac2ab60ee38fb242f0a6f245db74c98593c8df867305b6d273356c5112718	yes	-
ubuntu-089	debian	emacs	debian/emacs	implemented-candidate	intent	3	no	0	accepted	https://github.com/Yunushan/linux-software-installer/actions/runs/29689788889#artifact-digest=fc5ac2ab60ee38fb242f0a6f245db74c98593c8df867305b6d273356c5112718	yes	-
ubuntu-094	debian	magic-wormhole	debian/magic-wormhole	implemented-candidate	intent	3	no	0	accepted	https://github.com/Yunushan/linux-software-installer/actions/runs/29689788889#artifact-digest=fc5ac2ab60ee38fb242f0a6f245db74c98593c8df867305b6d273356c5112718	yes	-
ubuntu-095	debian	hexchat	debian/hexchat	implemented-candidate	intent	3	no	0	accepted	https://github.com/Yunushan/linux-software-installer/actions/runs/29689788889#artifact-digest=fc5ac2ab60ee38fb242f0a6f245db74c98593c8df867305b6d273356c5112718	yes	-
ubuntu-096	debian	wings3d	debian/wings3d	implemented-candidate	intent	3	no	0	accepted	https://github.com/Yunushan/linux-software-installer/actions/runs/29689788889#artifact-digest=fc5ac2ab60ee38fb242f0a6f245db74c98593c8df867305b6d273356c5112718	yes	-
ubuntu-104	debian	neovim	debian/neovim	implemented-candidate	intent	3	no	0	accepted	https://github.com/Yunushan/linux-software-installer/actions/runs/29689788889#artifact-digest=fc5ac2ab60ee38fb242f0a6f245db74c98593c8df867305b6d273356c5112718	yes	-
ubuntu-106	debian	build-tools	debian/build-tools	implemented-candidate	intent	3	no	0	accepted	https://github.com/Yunushan/linux-software-installer/actions/runs/29689788889#artifact-digest=fc5ac2ab60ee38fb242f0a6f245db74c98593c8df867305b6d273356c5112718	yes	-
ubuntu-107	debian	build-tools	debian/build-tools	implemented-candidate	intent	3	no	0	accepted	https://github.com/Yunushan/linux-software-installer/actions/runs/29689788889#artifact-digest=fc5ac2ab60ee38fb242f0a6f245db74c98593c8df867305b6d273356c5112718	yes	-
ubuntu-110	debian	darktable	debian/darktable	implemented-candidate	intent	3	no	0	accepted	https://github.com/Yunushan/linux-software-installer/actions/runs/29689788889#artifact-digest=fc5ac2ab60ee38fb242f0a6f245db74c98593c8df867305b6d273356c5112718	yes	-
ubuntu-111	debian	liferea	debian/liferea	implemented-candidate	intent	3	no	0	accepted	https://github.com/Yunushan/linux-software-installer/actions/runs/29689788889#artifact-digest=fc5ac2ab60ee38fb242f0a6f245db74c98593c8df867305b6d273356c5112718	yes	-
ubuntu-112	debian	typecatcher	debian/typecatcher	implemented-candidate	intent	3	no	0	accepted	https://github.com/Yunushan/linux-software-installer/actions/runs/29689788889#artifact-digest=fc5ac2ab60ee38fb242f0a6f245db74c98593c8df867305b6d273356c5112718	yes	-
ubuntu-113	debian	caffeine	debian/caffeine	implemented-candidate	intent	3	no	0	accepted	https://github.com/Yunushan/linux-software-installer/actions/runs/29689788889#artifact-digest=fc5ac2ab60ee38fb242f0a6f245db74c98593c8df867305b6d273356c5112718	yes	-
ubuntu-118	debian	go-for-it	debian/go-for-it	implemented-candidate	intent	3	no	0	accepted	https://github.com/Yunushan/linux-software-installer/actions/runs/29689788889#artifact-digest=fc5ac2ab60ee38fb242f0a6f245db74c98593c8df867305b6d273356c5112718	yes	-
ubuntu-119	debian	calibre	debian/calibre	implemented-candidate	intent	3	no	0	accepted	https://github.com/Yunushan/linux-software-installer/actions/runs/29689788889#artifact-digest=fc5ac2ab60ee38fb242f0a6f245db74c98593c8df867305b6d273356c5112718	yes	-
ubuntu-121	debian	openjdk	debian/openjdk	implemented-candidate	intent	3	no	0	accepted	https://github.com/Yunushan/linux-software-installer/actions/runs/29689788889#artifact-digest=fc5ac2ab60ee38fb242f0a6f245db74c98593c8df867305b6d273356c5112718	yes	-
ubuntu-122	debian	openjdk	debian/openjdk	implemented-candidate	intent	3	no	0	accepted	https://github.com/Yunushan/linux-software-installer/actions/runs/29689788889#artifact-digest=fc5ac2ab60ee38fb242f0a6f245db74c98593c8df867305b6d273356c5112718	yes	-
ubuntu-124	debian	variety	debian/variety	implemented-candidate	intent	3	no	0	accepted	https://github.com/Yunushan/linux-software-installer/actions/runs/29689788889#artifact-digest=fc5ac2ab60ee38fb242f0a6f245db74c98593c8df867305b6d273356c5112718	yes	-
ubuntu-129	debian	blender	debian/blender	implemented-candidate	intent	3	no	0	accepted	https://github.com/Yunushan/linux-software-installer/actions/runs/29689788889#artifact-digest=fc5ac2ab60ee38fb242f0a6f245db74c98593c8df867305b6d273356c5112718	yes	-
ubuntu-132	debian	mumble	debian/mumble	implemented-candidate	intent	3	no	0	accepted	https://github.com/Yunushan/linux-software-installer/actions/runs/29689788889#artifact-digest=fc5ac2ab60ee38fb242f0a6f245db74c98593c8df867305b6d273356c5112718	yes	-
ubuntu-136	debian	midnight-commander	debian/midnight-commander	implemented-candidate	intent	3	no	0	accepted	https://github.com/Yunushan/linux-software-installer/actions/runs/29689788889#artifact-digest=fc5ac2ab60ee38fb242f0a6f245db74c98593c8df867305b6d273356c5112718	yes	-
ubuntu-154	debian	remmina	debian/remmina	implemented-candidate	intent	3	no	0	accepted	https://github.com/Yunushan/linux-software-installer/actions/runs/29689788889#artifact-digest=fc5ac2ab60ee38fb242f0a6f245db74c98593c8df867305b6d273356c5112718	yes	-
ubuntu-157	debian	dvblast	debian/dvblast	implemented-candidate	intent	3	no	0	accepted	https://github.com/Yunushan/linux-software-installer/actions/runs/29689788889#artifact-digest=fc5ac2ab60ee38fb242f0a6f245db74c98593c8df867305b6d273356c5112718	yes	-
rhel-almalinux-8-001-php	rhel	php	rhel/php	implemented-candidate	intent	2	yes	4	none	-	no	G3-repository-resolution+G4-standalone-install+G5-systemd-behavior+row-parity-review+durable-trust-anchor
rhel-almalinux-8-011-nmap	rhel	nmap	rhel/nmap	implemented-candidate	intent	2	no	0	accepted	https://github.com/Yunushan/linux-software-installer/actions/runs/29689788889#artifact-digest=fc5ac2ab60ee38fb242f0a6f245db74c98593c8df867305b6d273356c5112718	yes	-
rhel-almalinux-8-012-irssi	rhel	irssi	rhel/irssi	implemented-candidate	intent	2	no	0	accepted	https://github.com/Yunushan/linux-software-installer/actions/runs/29689788889#artifact-digest=fc5ac2ab60ee38fb242f0a6f245db74c98593c8df867305b6d273356c5112718	yes	-
rhel-almalinux-8-015-docker	rhel	podman	rhel/podman	implemented-candidate	intent	2	no	0	accepted	https://github.com/Yunushan/linux-software-installer/actions/runs/29689788889#artifact-digest=fc5ac2ab60ee38fb242f0a6f245db74c98593c8df867305b6d273356c5112718	yes	-
rhel-almalinux-8-019-gnu-emacs	rhel	emacs	rhel/emacs	implemented-candidate	intent	2	no	0	accepted	https://github.com/Yunushan/linux-software-installer/actions/runs/29689788889#artifact-digest=fc5ac2ab60ee38fb242f0a6f245db74c98593c8df867305b6d273356c5112718	yes	-
rhel-almalinux-8-002-nginx	rhel	nginx	rhel/nginx	implemented-candidate	intent	2	yes	4	none	-	no	G3-repository-resolution+G4-standalone-install+G5-systemd-behavior+row-parity-review+durable-trust-anchor
rhel-almalinux-8-023-openjdk	rhel	openjdk	rhel/openjdk	implemented-candidate	intent	2	no	0	accepted	https://github.com/Yunushan/linux-software-installer/actions/runs/29689788889#artifact-digest=fc5ac2ab60ee38fb242f0a6f245db74c98593c8df867305b6d273356c5112718	yes	-
rhel-almalinux-8-026-gimp	rhel	gimp	rhel/gimp	implemented-candidate	intent	2	no	0	accepted	https://github.com/Yunushan/linux-software-installer/actions/runs/29689788889#artifact-digest=fc5ac2ab60ee38fb242f0a6f245db74c98593c8df867305b6d273356c5112718	yes	-
rhel-almalinux-8-028-samba	rhel	samba	rhel/samba	implemented-candidate	intent	2	yes	4	none	-	no	G3-repository-resolution+G4-standalone-install+G5-systemd-behavior+row-parity-review+durable-trust-anchor
rhel-almalinux-8-029-mysql	rhel	mysql	rhel/mysql	implemented-candidate	intent	2	yes	4	none	-	no	G3-repository-resolution+G4-standalone-install+G5-systemd-behavior+row-parity-review+durable-trust-anchor
rhel-almalinux-8-030-mariadb	rhel	mariadb	rhel/mariadb	implemented-candidate	intent	2	yes	4	none	-	no	G3-repository-resolution+G4-standalone-install+G5-systemd-behavior+row-parity-review+durable-trust-anchor
rhel-almalinux-8-031-nodejs-npm	rhel	nodejs	rhel/nodejs	implemented-candidate	intent	2	no	0	accepted	https://github.com/Yunushan/linux-software-installer/actions/runs/29689788889#artifact-digest=fc5ac2ab60ee38fb242f0a6f245db74c98593c8df867305b6d273356c5112718	yes	-
rhel-almalinux-8-032-net-sdk	rhel	dotnet-sdk	rhel/dotnet-sdk	implemented-candidate	intent	2	no	0	accepted	https://github.com/Yunushan/linux-software-installer/actions/runs/29689788889#artifact-digest=fc5ac2ab60ee38fb242f0a6f245db74c98593c8df867305b6d273356c5112718	yes	-
rhel-almalinux-8-004-gcc	rhel	build-tools	rhel/build-tools	implemented-candidate	intent	2	no	0	accepted	https://github.com/Yunushan/linux-software-installer/actions/runs/29689788889#artifact-digest=fc5ac2ab60ee38fb242f0a6f245db74c98593c8df867305b6d273356c5112718	yes	-
rhel-almalinux-8-042-ruby	rhel	ruby	rhel/ruby	implemented-candidate	intent	2	no	0	accepted	https://github.com/Yunushan/linux-software-installer/actions/runs/29689788889#artifact-digest=fc5ac2ab60ee38fb242f0a6f245db74c98593c8df867305b6d273356c5112718	yes	-
rhel-almalinux-8-045-postgresql	rhel	postgresql	rhel/postgresql	implemented-candidate	intent	2	yes	4	none	-	no	G3-repository-resolution+G4-standalone-install+G5-systemd-behavior+row-parity-review+durable-trust-anchor
rhel-almalinux-8-005-gplusplus	rhel	build-tools	rhel/build-tools	implemented-candidate	intent	2	no	0	accepted	https://github.com/Yunushan/linux-software-installer/actions/runs/29689788889#artifact-digest=fc5ac2ab60ee38fb242f0a6f245db74c98593c8df867305b6d273356c5112718	yes	-
rhel-almalinux-8-006-cmake	rhel	build-tools	rhel/build-tools	implemented-candidate	intent	2	no	0	accepted	https://github.com/Yunushan/linux-software-installer/actions/runs/29689788889#artifact-digest=fc5ac2ab60ee38fb242f0a6f245db74c98593c8df867305b6d273356c5112718	yes	-
rhel-almalinux-8-008-apache	rhel	apache	rhel/apache	implemented-candidate	intent	2	yes	4	none	-	no	G3-repository-resolution+G4-standalone-install+G5-systemd-behavior+row-parity-review+durable-trust-anchor
rhel-almalinux-9-001-php	rhel	php	rhel/php	implemented-candidate	intent	2	yes	4	none	-	no	G3-repository-resolution+G4-standalone-install+G5-systemd-behavior+row-parity-review+durable-trust-anchor
rhel-almalinux-9-004-python	rhel	python	rhel/python	implemented-candidate	intent	2	no	0	accepted	https://github.com/Yunushan/linux-software-installer/actions/runs/29689788889#artifact-digest=fc5ac2ab60ee38fb242f0a6f245db74c98593c8df867305b6d273356c5112718	yes	-
rhel-almalinux-9-008-nginx	rhel	nginx	rhel/nginx	implemented-candidate	intent	2	yes	4	none	-	no	G3-repository-resolution+G4-standalone-install+G5-systemd-behavior+row-parity-review+durable-trust-anchor
rhel-centos-6-001-php	rhel	php	rhel/php	implemented-candidate	intent	2	yes	4	none	-	no	G3-repository-resolution+G4-standalone-install+G5-systemd-behavior+row-parity-review+durable-trust-anchor
rhel-centos-6-002-nginx	rhel	nginx	rhel/nginx	implemented-candidate	intent	2	yes	4	none	-	no	G3-repository-resolution+G4-standalone-install+G5-systemd-behavior+row-parity-review+durable-trust-anchor
rhel-centos-6-004-gcc	rhel	build-tools	rhel/build-tools	implemented-candidate	intent	2	no	0	accepted	https://github.com/Yunushan/linux-software-installer/actions/runs/29689788889#artifact-digest=fc5ac2ab60ee38fb242f0a6f245db74c98593c8df867305b6d273356c5112718	yes	-
rhel-centos-6-005-gplusplus	rhel	build-tools	rhel/build-tools	implemented-candidate	intent	2	no	0	accepted	https://github.com/Yunushan/linux-software-installer/actions/runs/29689788889#artifact-digest=fc5ac2ab60ee38fb242f0a6f245db74c98593c8df867305b6d273356c5112718	yes	-
rhel-centos-6-006-cmake	rhel	build-tools	rhel/build-tools	implemented-candidate	intent	2	no	0	accepted	https://github.com/Yunushan/linux-software-installer/actions/runs/29689788889#artifact-digest=fc5ac2ab60ee38fb242f0a6f245db74c98593c8df867305b6d273356c5112718	yes	-
rhel-centos-6-008-apache	rhel	apache	rhel/apache	implemented-candidate	intent	2	yes	4	none	-	no	G3-repository-resolution+G4-standalone-install+G5-systemd-behavior+row-parity-review+durable-trust-anchor
rhel-centos-7-001-php	rhel	php	rhel/php	implemented-candidate	intent	2	yes	4	none	-	no	G3-repository-resolution+G4-standalone-install+G5-systemd-behavior+row-parity-review+durable-trust-anchor
rhel-centos-7-011-nmap	rhel	nmap	rhel/nmap	implemented-candidate	intent	2	no	0	accepted	https://github.com/Yunushan/linux-software-installer/actions/runs/29689788889#artifact-digest=fc5ac2ab60ee38fb242f0a6f245db74c98593c8df867305b6d273356c5112718	yes	-
rhel-centos-7-012-irssi	rhel	irssi	rhel/irssi	implemented-candidate	intent	2	no	0	accepted	https://github.com/Yunushan/linux-software-installer/actions/runs/29689788889#artifact-digest=fc5ac2ab60ee38fb242f0a6f245db74c98593c8df867305b6d273356c5112718	yes	-
rhel-centos-7-015-docker	rhel	podman	rhel/podman	implemented-candidate	intent	2	no	0	accepted	https://github.com/Yunushan/linux-software-installer/actions/runs/29689788889#artifact-digest=fc5ac2ab60ee38fb242f0a6f245db74c98593c8df867305b6d273356c5112718	yes	-
rhel-centos-7-019-gnu-emacs	rhel	emacs	rhel/emacs	implemented-candidate	intent	2	no	0	accepted	https://github.com/Yunushan/linux-software-installer/actions/runs/29689788889#artifact-digest=fc5ac2ab60ee38fb242f0a6f245db74c98593c8df867305b6d273356c5112718	yes	-
rhel-centos-7-002-nginx	rhel	nginx	rhel/nginx	implemented-candidate	intent	2	yes	4	none	-	no	G3-repository-resolution+G4-standalone-install+G5-systemd-behavior+row-parity-review+durable-trust-anchor
rhel-centos-7-023-openjdk	rhel	openjdk	rhel/openjdk	implemented-candidate	intent	2	no	0	accepted	https://github.com/Yunushan/linux-software-installer/actions/runs/29689788889#artifact-digest=fc5ac2ab60ee38fb242f0a6f245db74c98593c8df867305b6d273356c5112718	yes	-
rhel-centos-7-037-gimp	rhel	gimp	rhel/gimp	implemented-candidate	intent	2	no	0	accepted	https://github.com/Yunushan/linux-software-installer/actions/runs/29689788889#artifact-digest=fc5ac2ab60ee38fb242f0a6f245db74c98593c8df867305b6d273356c5112718	yes	-
rhel-centos-7-039-samba	rhel	samba	rhel/samba	implemented-candidate	intent	2	yes	4	none	-	no	G3-repository-resolution+G4-standalone-install+G5-systemd-behavior+row-parity-review+durable-trust-anchor
rhel-centos-7-004-gcc	rhel	build-tools	rhel/build-tools	implemented-candidate	intent	2	no	0	accepted	https://github.com/Yunushan/linux-software-installer/actions/runs/29689788889#artifact-digest=fc5ac2ab60ee38fb242f0a6f245db74c98593c8df867305b6d273356c5112718	yes	-
rhel-centos-7-040-mysql	rhel	mysql	rhel/mysql	implemented-candidate	intent	2	yes	4	none	-	no	G3-repository-resolution+G4-standalone-install+G5-systemd-behavior+row-parity-review+durable-trust-anchor
rhel-centos-7-041-mariadb	rhel	mariadb	rhel/mariadb	implemented-candidate	intent	2	yes	4	none	-	no	G3-repository-resolution+G4-standalone-install+G5-systemd-behavior+row-parity-review+durable-trust-anchor
rhel-centos-7-042-nodejs-and-npm	rhel	nodejs	rhel/nodejs	implemented-candidate	intent	2	no	0	accepted	https://github.com/Yunushan/linux-software-installer/actions/runs/29689788889#artifact-digest=fc5ac2ab60ee38fb242f0a6f245db74c98593c8df867305b6d273356c5112718	yes	-
rhel-centos-7-043-net-sdk	rhel	dotnet-sdk	rhel/dotnet-sdk	implemented-candidate	intent	2	no	0	accepted	https://github.com/Yunushan/linux-software-installer/actions/runs/29689788889#artifact-digest=fc5ac2ab60ee38fb242f0a6f245db74c98593c8df867305b6d273356c5112718	yes	-
rhel-centos-7-005-gplusplus	rhel	build-tools	rhel/build-tools	implemented-candidate	intent	2	no	0	accepted	https://github.com/Yunushan/linux-software-installer/actions/runs/29689788889#artifact-digest=fc5ac2ab60ee38fb242f0a6f245db74c98593c8df867305b6d273356c5112718	yes	-
rhel-centos-7-006-cmake	rhel	build-tools	rhel/build-tools	implemented-candidate	intent	2	no	0	accepted	https://github.com/Yunushan/linux-software-installer/actions/runs/29689788889#artifact-digest=fc5ac2ab60ee38fb242f0a6f245db74c98593c8df867305b6d273356c5112718	yes	-
rhel-centos-7-008-apache	rhel	apache	rhel/apache	implemented-candidate	intent	2	yes	4	none	-	no	G3-repository-resolution+G4-standalone-install+G5-systemd-behavior+row-parity-review+durable-trust-anchor
rhel-red-hat-enterprise-linux-8-001-php	rhel	php	rhel/php	implemented-candidate	intent	2	yes	4	none	-	no	G3-repository-resolution+G4-standalone-install+G5-systemd-behavior+row-parity-review+durable-trust-anchor
rhel-red-hat-enterprise-linux-8-010-redis	rhel	redis	rhel/redis	implemented-candidate	intent	2	yes	4	none	-	no	G3-repository-resolution+G4-standalone-install+G5-systemd-behavior+row-parity-review+durable-trust-anchor
rhel-red-hat-enterprise-linux-8-014-openjdk	rhel	openjdk	rhel/openjdk	implemented-candidate	intent	2	no	0	accepted	https://github.com/Yunushan/linux-software-installer/actions/runs/29689788889#artifact-digest=fc5ac2ab60ee38fb242f0a6f245db74c98593c8df867305b6d273356c5112718	yes	-
rhel-red-hat-enterprise-linux-8-017-samba	rhel	samba	rhel/samba	implemented-candidate	intent	2	yes	4	none	-	no	G3-repository-resolution+G4-standalone-install+G5-systemd-behavior+row-parity-review+durable-trust-anchor
rhel-red-hat-enterprise-linux-8-018-mysql	rhel	mysql	rhel/mysql	implemented-candidate	intent	2	yes	4	none	-	no	G3-repository-resolution+G4-standalone-install+G5-systemd-behavior+row-parity-review+durable-trust-anchor
rhel-red-hat-enterprise-linux-8-020-ruby	rhel	ruby	rhel/ruby	implemented-candidate	intent	2	no	0	accepted	https://github.com/Yunushan/linux-software-installer/actions/runs/29689788889#artifact-digest=fc5ac2ab60ee38fb242f0a6f245db74c98593c8df867305b6d273356c5112718	yes	-
rhel-red-hat-enterprise-linux-8-024-mariadb	rhel	mariadb	rhel/mariadb	implemented-candidate	intent	2	yes	4	none	-	no	G3-repository-resolution+G4-standalone-install+G5-systemd-behavior+row-parity-review+durable-trust-anchor
rhel-red-hat-enterprise-linux-8-025-postgresql	rhel	postgresql	rhel/postgresql	implemented-candidate	intent	2	yes	4	none	-	no	G3-repository-resolution+G4-standalone-install+G5-systemd-behavior+row-parity-review+durable-trust-anchor
rhel-red-hat-enterprise-linux-8-027-docker	rhel	podman	rhel/podman	implemented-candidate	intent	2	no	0	accepted	https://github.com/Yunushan/linux-software-installer/actions/runs/29689788889#artifact-digest=fc5ac2ab60ee38fb242f0a6f245db74c98593c8df867305b6d273356c5112718	yes	-
rhel-red-hat-enterprise-linux-8-029-nodejs-and-npm	rhel	nodejs	rhel/nodejs	implemented-candidate	intent	2	no	0	accepted	https://github.com/Yunushan/linux-software-installer/actions/runs/29689788889#artifact-digest=fc5ac2ab60ee38fb242f0a6f245db74c98593c8df867305b6d273356c5112718	yes	-
rhel-red-hat-enterprise-linux-8-003-python	rhel	python	rhel/python	implemented-candidate	intent	2	no	0	accepted	https://github.com/Yunushan/linux-software-installer/actions/runs/29689788889#artifact-digest=fc5ac2ab60ee38fb242f0a6f245db74c98593c8df867305b6d273356c5112718	yes	-
rhel-red-hat-enterprise-linux-8-031-irssi	rhel	irssi	rhel/irssi	implemented-candidate	intent	2	no	0	accepted	https://github.com/Yunushan/linux-software-installer/actions/runs/29689788889#artifact-digest=fc5ac2ab60ee38fb242f0a6f245db74c98593c8df867305b6d273356c5112718	yes	-
rhel-red-hat-enterprise-linux-8-035-ansible	rhel	ansible	rhel/ansible	implemented-candidate	intent	2	no	0	accepted	https://github.com/Yunushan/linux-software-installer/actions/runs/29689788889#artifact-digest=fc5ac2ab60ee38fb242f0a6f245db74c98593c8df867305b6d273356c5112718	yes	-
rhel-red-hat-enterprise-linux-8-039-ufw	rhel	firewalld	rhel/firewalld	superseded-candidate	intent	2	yes	4	none	-	no	G3-repository-resolution+G4-standalone-install+G5-systemd-behavior+row-parity-review+durable-trust-anchor
rhel-red-hat-enterprise-linux-8-043-podman	rhel	podman	rhel/podman	implemented-candidate	intent	2	no	0	accepted	https://github.com/Yunushan/linux-software-installer/actions/runs/29689788889#artifact-digest=fc5ac2ab60ee38fb242f0a6f245db74c98593c8df867305b6d273356c5112718	yes	-
rhel-red-hat-enterprise-linux-8-044-nfs-server	rhel	nfs-server	rhel/nfs-server	implemented-candidate	intent	2	yes	4	none	-	no	G3-repository-resolution+G4-standalone-install+G5-systemd-behavior+row-parity-review+durable-trust-anchor
rhel-red-hat-enterprise-linux-8-006-apache	rhel	apache	rhel/apache	implemented-candidate	intent	2	yes	4	none	-	no	G3-repository-resolution+G4-standalone-install+G5-systemd-behavior+row-parity-review+durable-trust-anchor
rhel-red-hat-enterprise-linux-8-008-nmap	rhel	nmap	rhel/nmap	implemented-candidate	intent	2	no	0	accepted	https://github.com/Yunushan/linux-software-installer/actions/runs/29689788889#artifact-digest=fc5ac2ab60ee38fb242f0a6f245db74c98593c8df867305b6d273356c5112718	yes	-
rhel-red-hat-enterprise-linux-8-009-nginx	rhel	nginx	rhel/nginx	implemented-candidate	intent	2	yes	4	none	-	no	G3-repository-resolution+G4-standalone-install+G5-systemd-behavior+row-parity-review+durable-trust-anchor
rhel-red-hat-enterprise-linux-9-001-php	rhel	php	rhel/php	implemented-candidate	intent	2	yes	4	none	-	no	G3-repository-resolution+G4-standalone-install+G5-systemd-behavior+row-parity-review+durable-trust-anchor
rhel-red-hat-enterprise-linux-9-010-openjdk	rhel	openjdk	rhel/openjdk	implemented-candidate	intent	2	no	0	accepted	https://github.com/Yunushan/linux-software-installer/actions/runs/29689788889#artifact-digest=fc5ac2ab60ee38fb242f0a6f245db74c98593c8df867305b6d273356c5112718	yes	-
rhel-red-hat-enterprise-linux-9-014-postgresql	rhel	postgresql	rhel/postgresql	implemented-candidate	intent	2	yes	4	none	-	no	G3-repository-resolution+G4-standalone-install+G5-systemd-behavior+row-parity-review+durable-trust-anchor
rhel-red-hat-enterprise-linux-9-015-nodejs-and-npm	rhel	nodejs	rhel/nodejs	implemented-candidate	intent	2	no	0	accepted	https://github.com/Yunushan/linux-software-installer/actions/runs/29689788889#artifact-digest=fc5ac2ab60ee38fb242f0a6f245db74c98593c8df867305b6d273356c5112718	yes	-
rhel-red-hat-enterprise-linux-9-002-nginx	rhel	nginx	rhel/nginx	implemented-candidate	intent	2	yes	4	none	-	no	G3-repository-resolution+G4-standalone-install+G5-systemd-behavior+row-parity-review+durable-trust-anchor
rhel-red-hat-enterprise-linux-9-025-vim	rhel	vim	rhel/vim	implemented-candidate	intent	2	no	0	accepted	https://github.com/Yunushan/linux-software-installer/actions/runs/29689788889#artifact-digest=fc5ac2ab60ee38fb242f0a6f245db74c98593c8df867305b6d273356c5112718	yes	-
rhel-red-hat-enterprise-linux-9-003-apache	rhel	apache	rhel/apache	implemented-candidate	intent	2	yes	4	none	-	no	G3-repository-resolution+G4-standalone-install+G5-systemd-behavior+row-parity-review+durable-trust-anchor
rhel-red-hat-enterprise-linux-9-009-mysql	rhel	mysql	rhel/mysql	implemented-candidate	intent	2	yes	4	none	-	no	G3-repository-resolution+G4-standalone-install+G5-systemd-behavior+row-parity-review+durable-trust-anchor
